category,count,mean,std,min,25%,50%,75%,max
中性评价,27023.0,0.11845612996336453,1.0170553201787882,-6.4,0.0,0.0,0.0,41.800000000000004
正面评价,178014.0,2.3100967339647442,2.886262952831908,-6.4,0.6000000000000001,1.6,3.2,55.60000000000002
负面评价,29842.0,-0.23808189799611287,0.869469774447644,-30.960000000000015,-0.8,0.0,0.0,18.2
